<?xml version="1.0" encoding="UTF-8"?>
<project-private xmlns="http://www.netbeans.org/ns/project-private/1">
    <data xmlns="http://www.netbeans.org/ns/make-project-private/1">
        <activeConfTypeElem>3</activeConfTypeElem>
        <activeConfIndexElem>0</activeConfIndexElem>
    </data>
    <editor-bookmarks xmlns="http://www.netbeans.org/ns/editor-bookmarks/2" lastBookmarkId="0"/>
    <open-files xmlns="http://www.netbeans.org/ns/projectui-open-files/2">
        <group name="Labo3_Solutions">
            <file>file:/home/etudiant/Documents/tp/tp3/source/Bibliographie.cpp</file>
            <file>file:/home/etudiant/Documents/tp/tp3/source/validationFormat.h</file>
            <file>file:/home/etudiant/Documents/tp/tp3/source/tests/ReferenceTesteur.cpp</file>
            <file>file:/home/etudiant/Documents/tp/tp3/source/Bibliographie.h</file>
            <file>file:/home/etudiant/Documents/tp/tp3/source/validationFormat.cpp</file>
            <file>file:/home/etudiant/Documents/tp/tp3/source/Ouvrage.cpp</file>
            <file>file:/home/etudiant/Documents/tp/tp3/source/Ouvrage.h</file>
            <file>file:/home/etudiant/Documents/tp/tp3/source/Journal.cpp</file>
            <file>file:/home/etudiant/Documents/tp/tp3/source/tests/OuvrageTesteur.cpp</file>
            <file>file:/home/etudiant/Documents/tp/tp3/source/Journal.h</file>
            <file>file:/home/etudiant/Documents/tp/tp3/source/Reference.cpp</file>
            <file>file:/home/etudiant/Documents/tp/tp3/source/tests/BibliographieTesteur.cpp</file>
            <file>file:/home/etudiant/Documents/tp/tp3/source/tests/JournalTesteur.cpp</file>
            <file>file:/home/etudiant/Documents/tp/tp3/source/Reference.h</file>
        </group>
    </open-files>
</project-private>
